Business Name,Category,Phone,Website,Primary Service
Brothers Plumbing Heating and Electric,Plumbing / HVAC / Electrical,(303) 468-2294,brothersplumbing.com,Full Service Maintenance & Emergency
RMW Plumbing Services,Plumbing,303-681-3400,rmwplumbingservices.com,Inspections & Pipe Repairs
Plumbline Services,Plumbing,(303) 436-2525,plumblineservices.com,Emergency Repairs & Installation
Applewood Plumbing Heating & Electric,Plumbing / HVAC / Electrical,303-328-3060,applewoodfixit.com,Residential Repair & Install
Flatirons Plumbing Inc,Plumbing,(720) 630-1784,,Water Filtration & Treatment
Electric Blue,Electrical,(303) 790-8813,electricblueinc.com,Residential & Commercial Electric
Mister Sparky of Denver,Electrical,(888) 826-0091,mistersparky.com,24/7 Emergency Electrical
Natural Landscaping & Design,Landscaping,720-251-3771,naturallandscapinganddesign.webs.com,Design & Maintenance
Chop Chop Landscaping,Landscaping,(720) 600-7775,landscapinglittletonco.com,Landscape Design & Hardscaping
Denver Patios and Landscape,Landscaping,(720) 436-8401,,Pavers & Hardscaping
Peak Landscape,Landscaping,720-219-5899,peak-landscape.com,Installation & Maintenance
Davey Tree Services,Tree Service,(303) 248-8733,davey.com,Tree Trimming & Removal
Tree Amigos Colorado,Tree Service,720-800-2145,treeamigosco.com,Tree Removal & Storm Damage
Arbor Tree Care,Tree Service,(720) 262-9222,treeremovallittletonco.com,Tree Trimming & Removal
Chop Chop Tree,Tree Service,(303) 816-3436,treeservicelittletonco.com,Tree Pruning & Removal
Tree Service Littleton,Tree / Lawn Service,303-806-8733,treeservicelittleton.com,Tree & Lawn Maintenance
Emery's Tree Service,Tree Service,,emerystreeservicedenver.com,Plant Health Care & Removal
Sundog Electric LLC,Electrical,,sundogelectric.com,Panel Upgrades & Wiring
Landscape Connection,Landscaping,,landscapeconnection.net,Residential Design & Construction
BrightView Landscape,Commercial Landscaping,,brightview.com,Commercial Maintenance
Lowe Plumbing and Drain Cleaning LLC,Plumbing,,,General Plumbing & Drain
Redman Electric,Electrical,,,Remodeling & Panel Upgrades
Columbine Tree,Tree Service,,,Tree Transplanting & Trimming
Joey's Tree Service Littleton LLC,Tree Service,,,Trimming & Bracing
